% Model,EMSI_model_V1_C_rate_1_T_ref_298_Permeability_6E-15_r_pos_7.mph
% Version,COMSOL 6.3.0.420
% Date,"Apr 11 2026, 16:24"
% Dimension,1
% Nodes,40
% Expressions,1
% Description,Global
% Cycle number,Value
1,2623.003956086605
2,2622.710640116079
3,2621.704182243182
4,2620.3348049868255
4.999999999999999,2618.280291594736
5.999999999999999,2615.6421853170577
6.999999999999999,2612.0710610653696
7.999999999999999,2607.8305345192275
9,2602.46715608301
9.999999999999998,2595.820556090759
10.999999999999998,2587.6540832912433
11.999999999999998,2578.019712621841
12.999999999999998,2566.720429882487
13.999999999999998,2554.3112948993803
14.999999999999998,2540.4444742810592
15.999999999999998,2525.668134116582
17,2510.0878337305185
18,2493.286778109701
19,2475.5749288262887
19.999999999999996,2458.387007905563
20.999999999999996,2440.841050265328
21.999999999999996,2422.2179384148185
22.999999999999996,2403.3493434528937
23.999999999999996,2384.6236620627024
24.999999999999996,2365.7408223202074
25.999999999999996,2346.95283413335
26.999999999999996,2328.3067010314553
27.999999999999996,2309.708631713467
28.999999999999996,2291.2571078954206
29.999999999999996,2273.1517241908587
30.999999999999996,2255.2855226173124
31.999999999999996,2237.334140246996
33,2219.5954585943546
34,2202.0668654380424
35,2184.8185899264063
36,2167.2582252311113
37,2149.905742173374
38,2132.8974186367705
39,2116.307507580932
39.99999999999999,2100.070263595233
