% Model,EMSI_model_V1_C_rate_1.5_T_ref_298_Permeability_1.9E-15_r_pos_7.mph
% Version,COMSOL 6.3.0.420
% Date,"Apr 10 2026, 23:36"
% Dimension,1
% Nodes,44
% Expressions,1
% Description,Global
% Cycle number,Value
1,1520.3336473149325
2,1520.741371684766
3,1520.013757577808
4,1519.0729921870425
5,1517.9957351505727
6,1516.6821867899125
6,1517.6476137872705
7,1515.0956757543572
8,1513.3802762982777
9,1511.3366610027333
9,1511.5905910376787
10,1509.0409245258961
11,1506.6387258394716
12,1504.016575003894
13,1501.287921017276
14,1498.2319718901417
15,1495.1532225059564
16,1491.8150613690377
17,1488.259862665087
18,1484.6049397669267
19,1480.5311779242184
20,1476.5638549020077
21,1472.478485772037
22,1468.3259513949379
23,1463.9356198669848
24,1459.5552906942612
25,1455.0490099839226
26,1450.3946901487652
27,1445.6399196132115
27,1445.8017244768707
28,1440.661078851539
29,1435.5437335805327
30,1430.317405666443
31,1424.8546276826091
32,1419.136306771412
33,1413.4998144912388
34,1407.4995102703833
35,1401.3021287234005
36,1394.906401269167
37,1388.3436668552313
38,1381.6226694114448
39,1374.5574977692886
40,1367.3068006853136
41,1359.8643570813
