% Model,EMSI_model_V1_C_rate_1_T_ref_293_Permeability_1.9E-15_r_pos_7.mph
% Version,COMSOL 6.3.0.420
% Date,"Apr 11 2026, 00:02"
% Dimension,1
% Nodes,41
% Expressions,1
% Description,Global
% Cycle number,Value
1,2536.1911599509313
2,2536.4250647954605
3,2536.231928125626
4,2535.70480039834
5,2535.0943258073385
6,2534.2391066384807
7,2533.0805300844586
8,2531.831270937553
9,2530.373356472992
10,2528.6642506693825
11,2526.8672535043297
12,2524.7950020024364
13,2522.4137402823326
14,2520.1274156335858
15,2517.511116123729
16,2514.803168651604
17,2511.734621103533
18,2508.821028831022
19,2505.518548476728
20,2502.168224950379
21,2498.64259110103
22,2495.0881900328677
23,2491.1017869049538
24,2486.9150975068624
25,2482.729389566841
26,2478.5196061554598
27,2473.894300693035
28,2469.1937934822927
29,2464.2348155721265
30,2459.3165106061497
31,2454.3429283362057
32,2449.0542637970066
33,2443.8342181779153
34,2438.4922053485934
35,2433.133967128553
36,2427.6761018763646
37,2422.0581181342714
38,2416.3041286159423
39.00000000000001,2410.470598723332
40.00000000000001,2404.680402807251
41.00000000000001,2398.8344649868086
