% Model,EMSI_model_V1_C_rate_0.5_T_ref_298_Permeability_1.9E-15_r_pos_7.mph
% Version,COMSOL 6.3.0.420
% Date,"Apr 10 2026, 23:56"
% Dimension,1
% Nodes,41
% Expressions,1
% Description,Global
% Cycle number,Value
1,6008.5049407083225
2,6008.539143315487
3.0000000000000004,6009.140934938983
4,6009.081675545036
5,6009.3811929925
6.000000000000001,6009.043649241314
7,6008.796803296704
8,6008.487738205324
9,6008.489700227394
10,6008.619762292787
11,6008.300565454891
12.000000000000002,6007.867710829858
13.000000000000002,6007.808765788999
14,6007.435018468706
15,6006.677760631224
16,6006.192641743604
17,6006.533396914543
18,6005.895304456877
19,6005.724306478485
20,6005.036155076581
21,6004.6728876511625
22,6004.371489988844
23,6003.972109987226
24.000000000000004,6003.998894224875
25.000000000000004,6003.608619746461
26.000000000000004,6003.519510004437
27.000000000000004,6002.997821398429
28,6002.507914365095
29,6002.132483349298
30,6001.976462031482
31,6001.4723011034075
32,6001.24461825646
33,6000.812209736323
34,6000.491785606486
35,6000.019562793081
36,5999.670175071631
37,5999.606690829096
38,5999.218699706602
39.00000000000001,5998.935864496743
40.00000000000001,5998.736118998844
41.00000000000001,5998.5013107375125
