% Model,EMSI_model_V1_C_rate_1_T_ref_298_Permeability_1.9E-15_r_pos_4.4.mph
% Version,COMSOL 6.3.0.420
% Date,"Apr 11 2026, 06:13"
% Dimension,1
% Nodes,42
% Expressions,1
% Description,Global
% Cycle number,Value
1,2615.1166433405165
2,2615.035798050848
3,2614.85175813342
4,2614.2895029682804
5,2613.5937764233167
6,2612.708362098212
7,2611.697868482006
8,2610.5336362425733
9,2609.343238164831
10,2607.7890781534516
11,2606.0572649286914
12,2604.2066812264165
13.000000000000002,2602.218947167421
14.000000000000002,2599.8944523857936
15.000000000000002,2597.51524206443
16,2594.906243684425
17,2592.239188497173
18,2589.237479769101
19,2586.294857131841
20,2583.2926958673343
21.000000000000004,2580.1816313446616
22.000000000000004,2577.028456566157
23.000000000000004,2573.9007273114257
24.000000000000004,2570.468220933355
25.000000000000004,2567.1434286243457
26.000000000000004,2563.5083580997307
27.000000000000004,2559.76614152416
28.000000000000004,2555.9760762919905
29.000000000000004,2551.962055977696
30.000000000000004,2547.801429891202
31.000000000000004,2543.5463051495317
32,2539.19881434305
33,2534.8405999524693
34,2530.313611447549
35,2525.596734462597
35,2526.0506557126355
36,2520.855037980946
37,2515.9273475377704
38,2511.070140290656
39,2506.077199144871
40,2501.121254125581
41,2496.016613388376
