% Model,EMSI_model_V1_C_rate_2_T_ref_298_Permeability_1.9E-15_r_pos_7.mph
% Version,COMSOL 6.3.0.420
% Date,"Apr 10 2026, 23:17"
% Dimension,1
% Nodes,45
% Expressions,1
% Description,Global
% Cycle number,Value
1,1004.606141476278
2,1007.6520584001964
3,1006.6672822415712
4,1005.4142345338441
5,1003.9919064566802
5,1004.3862948001515
6,1002.4325738133721
7,1000.5712576767128
8,998.587275423517
9,996.2114109983631
10,993.7397296097442
11,990.9957675708938
12,988.1963346835182
13,985.2142005097521
14,982.0868860062947
15,978.7487659928047
16,975.0971385912999
17,971.3769813823528
18,967.5546422870757
19,963.5297545017675
20,959.4735148326436
21,955.1141504186598
22,950.6745362613292
23,945.9784983736463
24,941.1416362133386
25,936.1121165925579
26,930.8290847339085
27,925.3968388321518
28,919.6719416054257
29,913.6715878125469
30,907.4860405809959
31,901.0254628674156
32,894.3577187052215
32,894.4241702483778
33,887.2959843903591
34,880.1076985871332
34,880.1803174272718
35,872.3078899035172
36,864.3443959095603
36,864.7369140702795
37,856.1313655690756
38,847.6927597372123
39,839.0702179117798
40,830.1561986229644
41,821.1159631986666
