% Model,EMSI_model_V1_C_rate_1_T_ref_298_Permeability_1.9E-15_r_pos_9.mph
% Version,COMSOL 6.3.0.420
% Date,"Apr 11 2026, 09:42"
% Dimension,1
% Nodes,44
% Expressions,1
% Description,Global
% Cycle number,Value
1,2631.0551750666177
2,2631.031205499462
3,2631.0786569317897
4,2630.711663193597
5,2630.3235029684656
6,2629.8337879498104
7,2629.175613375577
8,2628.5492031238246
9,2627.722215525064
10,2626.957134109063
11,2625.811162054917
12,2624.769201117
13,2623.6066248114075
14,2622.296673615987
15,2621.0523492724315
15,2621.346983129639
16,2619.5125446102174
17,2618.0164874476905
18,2616.248628216359
19,2614.56728324671
20,2612.764468331152
21,2610.9356078294804
22,2608.9843263003277
23,2607.040299310931
23,2607.158027679514
24,2604.9538741584693
25,2602.83624502577
26,2600.7073036390357
27,2598.403086545266
28,2596.1570661559526
28,2596.6700967844517
29,2593.6528696209134
30,2591.3056437823107
31,2589.0505644184886
32,2586.7361579832796
33,2584.387028150173
34,2582.0247256653674
35,2579.6175121155393
36,2577.154420570674
37,2574.7446806601656
38,2572.2900757495663
39,2569.698736490449
40,2567.143921822426
41,2564.534594667901
